{
  "all-mpnet-base-v2": {
    "recall_at_k": {
      "1": 0.08,
      "3": 0.16,
      "5": 0.1733333333333333,
      "10": 0.1733333333333333,
      "20": 0.1733333333333333
    },
    "hit_at_k": {
      "1": 0.24,
      "3": 0.48,
      "5": 0.52,
      "10": 0.52,
      "20": 0.52
    },
    "full_set_hit_at_k": {
      "1": 0.0,
      "3": 0.0,
      "5": 0.0,
      "10": 0.0,
      "20": 0.0
    },
    "mrr": 0.3633333333333333,
    "gold_in_candidates": 0.52,
    "gold_in_candidates_true_ceiling": 0.52,
    "grounding_coverage": 1.0,
    "answer_similarity_at_k": {
      "1": 0.4451,
      "3": 0.3957,
      "5": 0.3735,
      "10": 0.3259,
      "20": 0.2661
    },
    "failure_counts": {
      "retrieval_miss": 12,
      "hit": 13
    },
    "failure_bucket_counts": {
      "gold_not_in_candidates": 12,
      "success": 13
    },
    "per_suite": {
      "default": {
        "recall_at_k": {
          "1": 0.07999999999999999,
          "3": 0.16,
          "5": 0.1733333333333333,
          "10": 0.1733333333333333,
          "20": 0.1733333333333333
        },
        "hit_at_k": {
          "1": 0.24,
          "3": 0.48,
          "5": 0.52,
          "10": 0.52,
          "20": 0.52
        },
        "full_set_hit_at_k": {},
        "mrr": 0.3633333333333333,
        "n": 25,
        "n_grounded": 25
      }
    },
    "per_tier": {
      "T1": {
        "recall_at_k": {
          "1": 0.0,
          "3": 0.1111111111111111,
          "5": 0.14814814814814814,
          "10": 0.14814814814814814,
          "20": 0.14814814814814814
        },
        "hit_at_k": {
          "1": 0.0,
          "3": 0.3333333333333333,
          "5": 0.4444444444444444,
          "10": 0.4444444444444444,
          "20": 0.4444444444444444
        },
        "full_set_hit_at_k": {},
        "mrr": 0.17592592592592593,
        "n": 9,
        "n_grounded": 9
      },
      "T2": {
        "recall_at_k": {
          "1": 0.08333333333333333,
          "3": 0.16666666666666666,
          "5": 0.16666666666666666,
          "10": 0.16666666666666666,
          "20": 0.16666666666666666
        },
        "hit_at_k": {
          "1": 0.25,
          "3": 0.5,
          "5": 0.5,
          "10": 0.5,
          "20": 0.5
        },
        "full_set_hit_at_k": {},
        "mrr": 0.375,
        "n": 8,
        "n_grounded": 8
      },
      "T3": {
        "recall_at_k": {
          "1": 0.16666666666666666,
          "3": 0.20833333333333331,
          "5": 0.20833333333333331,
          "10": 0.20833333333333331,
          "20": 0.20833333333333331
        },
        "hit_at_k": {
          "1": 0.5,
          "3": 0.625,
          "5": 0.625,
          "10": 0.625,
          "20": 0.625
        },
        "full_set_hit_at_k": {},
        "mrr": 0.5625,
        "n": 8,
        "n_grounded": 8
      }
    },
    "embedding_time_sec": 65.84494416799862,
    "scoring_time_sec": 0.009171887999400496
  }
}