{
  "all-mpnet-base-v2": {
    "recall_at_k": {
      "1": 0.1232142857142857,
      "3": 0.2625,
      "5": 0.3678571428571429,
      "10": 0.43571428571428567,
      "20": 0.6714285714285715
    },
    "hit_at_k": {
      "1": 0.35714285714285715,
      "3": 0.5357142857142857,
      "5": 0.7142857142857143,
      "10": 0.75,
      "20": 0.8571428571428571
    },
    "full_set_hit_at_k": {
      "1": 0.0,
      "3": 0.038461538461538464,
      "5": 0.07692307692307693,
      "10": 0.11538461538461539,
      "20": 0.46153846153846156
    },
    "mrr": 0.48981990231990225,
    "gold_in_candidates": 0.8571428571428571,
    "gold_in_candidates_true_ceiling": 0.9230769230769231,
    "grounding_coverage": 0.9285714285714286,
    "answer_similarity_at_k": {
      "1": 0.5311,
      "3": 0.463,
      "5": 0.4407,
      "10": 0.3884,
      "20": 0.3508
    },
    "failure_counts": {
      "hit": 24,
      "grounding_failure": 2,
      "retrieval_miss": 2
    },
    "failure_bucket_counts": {
      "success": 24,
      "no_gold_defined": 2,
      "gold_not_in_candidates": 2
    },
    "per_suite": {
      "blind": {
        "recall_at_k": {
          "1": 0.19166666666666665,
          "3": 0.25833333333333336,
          "5": 0.37,
          "10": 0.47000000000000003,
          "20": 0.5766666666666667
        },
        "hit_at_k": {
          "1": 0.6,
          "3": 0.6,
          "5": 0.8,
          "10": 0.8,
          "20": 0.8
        },
        "full_set_hit_at_k": {
          "10": 0.1111111111111111,
          "20": 0.2222222222222222
        },
        "mrr": 0.64,
        "n": 10,
        "n_grounded": 9
      },
      "state": {
        "recall_at_k": {
          "1": 0.0875,
          "3": 0.2583333333333333,
          "5": 0.425,
          "10": 0.475,
          "20": 0.75
        },
        "hit_at_k": {
          "1": 0.25,
          "3": 0.5,
          "5": 0.75,
          "10": 0.75,
          "20": 0.875
        },
        "full_set_hit_at_k": {
          "5": 0.125,
          "10": 0.125,
          "20": 0.625
        },
        "mrr": 0.4395833333333334,
        "n": 8,
        "n_grounded": 8
      },
      "grounding": {
        "recall_at_k": {
          "1": 0.0,
          "3": 0.0,
          "5": 0.125,
          "10": 0.25,
          "20": 0.5416666666666666
        },
        "hit_at_k": {
          "1": 0.0,
          "3": 0.0,
          "5": 0.25,
          "10": 0.5,
          "20": 0.75
        },
        "full_set_hit_at_k": {
          "20": 0.3333333333333333
        },
        "mrr": 0.09700854700854701,
        "n": 4,
        "n_grounded": 3
      },
      "temporal": {
        "recall_at_k": {
          "1": 0.25,
          "3": 0.6,
          "5": 0.6,
          "10": 0.6,
          "20": 0.6
        },
        "hit_at_k": {
          "1": 0.5,
          "3": 1.0,
          "5": 1.0,
          "10": 1.0,
          "20": 1.0
        },
        "full_set_hit_at_k": {
          "3": 0.5,
          "5": 0.5,
          "10": 0.5,
          "20": 0.5
        },
        "mrr": 0.6666666666666666,
        "n": 2,
        "n_grounded": 2
      },
      "constraint": {
        "recall_at_k": {
          "1": 0.16666666666666666,
          "3": 0.5833333333333333,
          "5": 0.5833333333333333,
          "10": 0.5833333333333333,
          "20": 1.0
        },
        "hit_at_k": {
          "1": 0.5,
          "3": 1.0,
          "5": 1.0,
          "10": 1.0,
          "20": 1.0
        },
        "full_set_hit_at_k": {
          "20": 1.0
        },
        "mrr": 0.75,
        "n": 2,
        "n_grounded": 2
      },
      "conceptual": {
        "recall_at_k": {
          "1": 0.0,
          "3": 0.16666666666666666,
          "5": 0.16666666666666666,
          "10": 0.16666666666666666,
          "20": 0.8333333333333333
        },
        "hit_at_k": {
          "1": 0.0,
          "3": 0.5,
          "5": 0.5,
          "10": 0.5,
          "20": 1.0
        },
        "full_set_hit_at_k": {
          "20": 0.5
        },
        "mrr": 0.28846153846153844,
        "n": 2,
        "n_grounded": 2
      }
    },
    "per_tier": {
      "T1": {
        "recall_at_k": {
          "1": 0.19166666666666665,
          "3": 0.25833333333333336,
          "5": 0.37,
          "10": 0.47000000000000003,
          "20": 0.5766666666666667
        },
        "hit_at_k": {
          "1": 0.6,
          "3": 0.6,
          "5": 0.8,
          "10": 0.8,
          "20": 0.8
        },
        "full_set_hit_at_k": {
          "10": 0.1111111111111111,
          "20": 0.2222222222222222
        },
        "mrr": 0.64,
        "n": 10,
        "n_grounded": 9
      },
      "T2": {
        "recall_at_k": {
          "1": 0.05833333333333333,
          "3": 0.1722222222222222,
          "5": 0.325,
          "10": 0.39999999999999997,
          "20": 0.6805555555555555
        },
        "hit_at_k": {
          "1": 0.16666666666666666,
          "3": 0.3333333333333333,
          "5": 0.5833333333333334,
          "10": 0.6666666666666666,
          "20": 0.8333333333333334
        },
        "full_set_hit_at_k": {
          "5": 0.09090909090909091,
          "10": 0.09090909090909091,
          "20": 0.5454545454545454
        },
        "mrr": 0.325391737891738,
        "n": 12,
        "n_grounded": 11
      },
      "T3": {
        "recall_at_k": {
          "1": 0.13888888888888887,
          "3": 0.45,
          "5": 0.45,
          "10": 0.45,
          "20": 0.8111111111111112
        },
        "hit_at_k": {
          "1": 0.3333333333333333,
          "3": 0.8333333333333334,
          "5": 0.8333333333333334,
          "10": 0.8333333333333334,
          "20": 1.0
        },
        "full_set_hit_at_k": {
          "3": 0.16666666666666666,
          "5": 0.16666666666666666,
          "10": 0.16666666666666666,
          "20": 0.6666666666666666
        },
        "mrr": 0.5683760683760684,
        "n": 6,
        "n_grounded": 6
      }
    },
    "embedding_time_sec": 177.42538147300365,
    "scoring_time_sec": 0.012255102999915835
  }
}