{
  "all-mpnet-base-v2": {
    "recall_at_k": {
      "1": 0.22,
      "3": 0.349,
      "5": 0.47733333333333333,
      "10": 0.5473333333333333,
      "20": 0.608
    },
    "hit_at_k": {
      "1": 0.34,
      "3": 0.54,
      "5": 0.66,
      "10": 0.7,
      "20": 0.74
    },
    "full_set_hit_at_k": {
      "1": 0.1276595744680851,
      "3": 0.23404255319148937,
      "5": 0.3617021276595745,
      "10": 0.44680851063829785,
      "20": 0.48936170212765956
    },
    "mrr": 0.4539404761904761,
    "gold_in_candidates": 0.74,
    "gold_in_candidates_true_ceiling": 0.7872340425531915,
    "grounding_coverage": 0.94,
    "answer_similarity_at_k": {
      "1": 0.61,
      "3": 0.5361,
      "5": 0.5057,
      "10": 0.4479,
      "20": 0.3742
    },
    "failure_counts": {
      "hit": 37,
      "retrieval_miss": 10,
      "grounding_failure": 3
    },
    "failure_bucket_counts": {
      "success": 37,
      "gold_not_in_candidates": 10,
      "no_gold_defined": 3
    },
    "per_suite": {
      "default": {
        "recall_at_k": {
          "1": 0.22,
          "3": 0.349,
          "5": 0.47733333333333333,
          "10": 0.5473333333333332,
          "20": 0.6080000000000001
        },
        "hit_at_k": {
          "1": 0.34,
          "3": 0.54,
          "5": 0.66,
          "10": 0.7,
          "20": 0.74
        },
        "full_set_hit_at_k": {
          "20": 0.48936170212765956,
          "10": 0.44680851063829785,
          "5": 0.3617021276595745,
          "3": 0.23404255319148937,
          "1": 0.1276595744680851
        },
        "mrr": 0.4539404761904761,
        "n": 50,
        "n_grounded": 47
      }
    },
    "per_tier": {
      "T1": {
        "recall_at_k": {
          "1": 0.1,
          "3": 0.18666666666666665,
          "5": 0.21999999999999997,
          "10": 0.2533333333333333,
          "20": 0.42333333333333323
        },
        "hit_at_k": {
          "1": 0.3,
          "3": 0.6,
          "5": 0.6,
          "10": 0.6,
          "20": 0.7
        },
        "full_set_hit_at_k": {
          "20": 0.1
        },
        "mrr": 0.4066666666666666,
        "n": 10,
        "n_grounded": 10
      },
      "T2": {
        "recall_at_k": {
          "1": 0.20454545454545456,
          "3": 0.321969696969697,
          "5": 0.5303030303030304,
          "10": 0.6136363636363636,
          "20": 0.6363636363636364
        },
        "hit_at_k": {
          "1": 0.36363636363636365,
          "3": 0.5454545454545454,
          "5": 0.7272727272727273,
          "10": 0.7272727272727273,
          "20": 0.7272727272727273
        },
        "full_set_hit_at_k": {
          "10": 0.5,
          "20": 0.5454545454545454,
          "5": 0.36363636363636365,
          "3": 0.13636363636363635,
          "1": 0.045454545454545456
        },
        "mrr": 0.4803030303030303,
        "n": 22,
        "n_grounded": 22
      },
      "T3": {
        "recall_at_k": {
          "1": 0.3055555555555556,
          "3": 0.4722222222222222,
          "5": 0.5555555555555556,
          "10": 0.6296296296296297,
          "20": 0.675925925925926
        },
        "hit_at_k": {
          "1": 0.3333333333333333,
          "3": 0.5,
          "5": 0.6111111111111112,
          "10": 0.7222222222222222,
          "20": 0.7777777777777778
        },
        "full_set_hit_at_k": {
          "3": 0.5333333333333333,
          "5": 0.6,
          "10": 0.6666666666666666,
          "20": 0.6666666666666666,
          "1": 0.3333333333333333
        },
        "mrr": 0.44798280423280423,
        "n": 18,
        "n_grounded": 15
      }
    },
    "embedding_time_sec": 214.81408015800116,
    "scoring_time_sec": 0.05665143299847841
  }
}