{
  "all-mpnet-base-v2": {
    "recall_at_k": {
      "1": 0.1232142857142857,
      "3": 0.2517857142857143,
      "5": 0.3321428571428572,
      "10": 0.4226190476190476,
      "20": 0.5678571428571428
    },
    "hit_at_k": {
      "1": 0.35714285714285715,
      "3": 0.5714285714285714,
      "5": 0.6785714285714286,
      "10": 0.7142857142857143,
      "20": 0.8571428571428571
    },
    "full_set_hit_at_k": {
      "1": 0.0,
      "3": 0.038461538461538464,
      "5": 0.07692307692307693,
      "10": 0.15384615384615385,
      "20": 0.2692307692307692
    },
    "mrr": 0.49117063492063495,
    "gold_in_candidates": 0.8571428571428571,
    "gold_in_candidates_true_ceiling": 0.9230769230769231,
    "grounding_coverage": 0.9285714285714286,
    "answer_similarity_at_k": {
      "1": 0.5311,
      "3": 0.4605,
      "5": 0.4274,
      "10": 0.3839,
      "20": 0.3318
    },
    "failure_counts": {
      "hit": 24,
      "grounding_failure": 2,
      "retrieval_miss": 2
    },
    "failure_bucket_counts": {
      "success": 24,
      "no_gold_defined": 2,
      "gold_not_in_candidates": 2
    },
    "per_suite": {
      "blind": {
        "recall_at_k": {
          "1": 0.19166666666666665,
          "3": 0.21166666666666667,
          "5": 0.30333333333333334,
          "10": 0.43666666666666665,
          "20": 0.49000000000000005
        },
        "hit_at_k": {
          "1": 0.6,
          "3": 0.7,
          "5": 0.8,
          "10": 0.8,
          "20": 0.8
        },
        "full_set_hit_at_k": {
          "10": 0.1111111111111111,
          "20": 0.1111111111111111
        },
        "mrr": 0.67,
        "n": 10,
        "n_grounded": 9
      },
      "state": {
        "recall_at_k": {
          "1": 0.0875,
          "3": 0.3208333333333333,
          "5": 0.425,
          "10": 0.5125,
          "20": 0.6625
        },
        "hit_at_k": {
          "1": 0.25,
          "3": 0.625,
          "5": 0.75,
          "10": 0.75,
          "20": 0.875
        },
        "full_set_hit_at_k": {
          "5": 0.125,
          "10": 0.25,
          "20": 0.375
        },
        "mrr": 0.4557291666666667,
        "n": 8,
        "n_grounded": 8
      },
      "grounding": {
        "recall_at_k": {
          "1": 0.0,
          "3": 0.0,
          "5": 0.125,
          "10": 0.25,
          "20": 0.41666666666666663
        },
        "hit_at_k": {
          "1": 0.0,
          "3": 0.0,
          "5": 0.25,
          "10": 0.5,
          "20": 0.75
        },
        "full_set_hit_at_k": {},
        "mrr": 0.1111111111111111,
        "n": 4,
        "n_grounded": 3
      },
      "temporal": {
        "recall_at_k": {
          "1": 0.25,
          "3": 0.6,
          "5": 0.6,
          "10": 0.6,
          "20": 0.6
        },
        "hit_at_k": {
          "1": 0.5,
          "3": 1.0,
          "5": 1.0,
          "10": 1.0,
          "20": 1.0
        },
        "full_set_hit_at_k": {
          "3": 0.5,
          "5": 0.5,
          "10": 0.5,
          "20": 0.5
        },
        "mrr": 0.6666666666666666,
        "n": 2,
        "n_grounded": 2
      },
      "constraint": {
        "recall_at_k": {
          "1": 0.16666666666666666,
          "3": 0.5833333333333333,
          "5": 0.5833333333333333,
          "10": 0.5833333333333333,
          "20": 0.75
        },
        "hit_at_k": {
          "1": 0.5,
          "3": 1.0,
          "5": 1.0,
          "10": 1.0,
          "20": 1.0
        },
        "full_set_hit_at_k": {
          "20": 0.5
        },
        "mrr": 0.75,
        "n": 2,
        "n_grounded": 2
      },
      "conceptual": {
        "recall_at_k": {
          "1": 0.0,
          "3": 0.0,
          "5": 0.0,
          "10": 0.0,
          "20": 0.6666666666666666
        },
        "hit_at_k": {
          "1": 0.0,
          "3": 0.0,
          "5": 0.0,
          "10": 0.0,
          "20": 1.0
        },
        "full_set_hit_at_k": {
          "20": 0.5
        },
        "mrr": 0.06458333333333333,
        "n": 2,
        "n_grounded": 2
      }
    },
    "per_tier": {
      "T1": {
        "recall_at_k": {
          "1": 0.19166666666666665,
          "3": 0.21166666666666667,
          "5": 0.30333333333333334,
          "10": 0.43666666666666665,
          "20": 0.49000000000000005
        },
        "hit_at_k": {
          "1": 0.6,
          "3": 0.7,
          "5": 0.8,
          "10": 0.8,
          "20": 0.8
        },
        "full_set_hit_at_k": {
          "10": 0.1111111111111111,
          "20": 0.1111111111111111
        },
        "mrr": 0.67,
        "n": 10,
        "n_grounded": 9
      },
      "T2": {
        "recall_at_k": {
          "1": 0.05833333333333333,
          "3": 0.21388888888888888,
          "5": 0.325,
          "10": 0.425,
          "20": 0.5805555555555556
        },
        "hit_at_k": {
          "1": 0.16666666666666666,
          "3": 0.4166666666666667,
          "5": 0.5833333333333334,
          "10": 0.6666666666666666,
          "20": 0.8333333333333334
        },
        "full_set_hit_at_k": {
          "5": 0.09090909090909091,
          "10": 0.18181818181818182,
          "20": 0.2727272727272727
        },
        "mrr": 0.34085648148148145,
        "n": 12,
        "n_grounded": 11
      },
      "T3": {
        "recall_at_k": {
          "1": 0.13888888888888887,
          "3": 0.39444444444444443,
          "5": 0.39444444444444443,
          "10": 0.39444444444444443,
          "20": 0.6722222222222222
        },
        "hit_at_k": {
          "1": 0.3333333333333333,
          "3": 0.6666666666666666,
          "5": 0.6666666666666666,
          "10": 0.6666666666666666,
          "20": 1.0
        },
        "full_set_hit_at_k": {
          "3": 0.16666666666666666,
          "5": 0.16666666666666666,
          "10": 0.16666666666666666,
          "20": 0.5
        },
        "mrr": 0.49374999999999997,
        "n": 6,
        "n_grounded": 6
      }
    },
    "embedding_time_sec": 174.43270519400176,
    "scoring_time_sec": 0.020381970003654715
  }
}